skipped special files,20412
skipped duplicate hardlinks,457
skipped snapshot dirs,0
total capacity used,12.70 TB
total user data,31.05 TB
percent overhead,-1.446024

histogram,file size
count,2447555,items
average,13622.699245,KB
min,0,KB
max,880010254,KB
bucket min,bucket max,count,val count
0,2,527038,334810.683594
2,4,195791,587064.406250
4,8,134973,758126.352539
8,16,206792,2624677.370117
16,32,203986,5182156.768555
32,64,70363,3159375.269531
64,128,130999,11323185.661133
128,256,42353,7503016.101562
256,512,46877,17707221.322266
512,1024,56215,42153701.604492
1024,2048,630779,1212981376.196289
2048,4096,34822,105929209.678711
4096,8192,37891,225291565.489258
8192,16384,41916,493698950.059570
16384,32768,28015,648415220.855469
32768,65536,20123,916503534.678711
65536,131072,12273,1097004058.145508
131072,262144,11239,2098259255.211914
262144,524288,7165,2629970734.857422
524288,1048576,4175,3042385355.427734
1048576,2097152,1819,2729390797.421875
2097152,4194304,1226,3499001632.774414
4194304,8388608,432,2412125583.835938
8388608,16777216,140,1608387387.109375
16777216,33554432,24,575764199.732422
33554432,67108864,10,404578872.497070
67108864,134217728,118,8671274325.753906
536870912,1073741824,1,880010254.656250

histogram,capacity used
count,2447555,items
average,5569.160387,KB
min,0,KB
max,169653599,KB
bucket min,bucket max,count,val count
0,2,307592,425281.000000
2,4,373999,1121997.000000
4,8,254865,1257938.500000
8,16,262599,2581324.500000
16,32,120573,2428637.000000
32,64,64422,2798618.500000
64,128,125378,10945736.500000
128,256,62707,11702562.500000
256,512,52326,19210714.500000
512,1024,34193,24934025.500000
1024,2048,628405,1217800843.500000
2048,4096,43966,130413546.500000
4096,8192,30679,173572261.500000
8192,16384,26768,300915489.500000
16384,32768,23183,564664227.500000
32768,65536,12551,561814837.000000
65536,131072,10030,930954871.000000
131072,262144,6036,1125179088.000000
262144,524288,3175,1161479226.500000
524288,1048576,2041,1391547884.500000
1048576,2097152,1226,1797205377.500000
2097152,4194304,590,1751029909.500000
4194304,8388608,174,956158026.000000
8388608,16777216,52,545520300.500000
16777216,33554432,11,233565100.000000
33554432,67108864,13,541944926.500000
134217728,268435456,1,169653599.500000

histogram,directory size (entries)
count,72516,items
average,35.039702,ents
min,0,ents
max,36527,ents
bucket min,bucket max,count,val count
0,1,15855,12107
2,3,10644,29417
4,7,18268,99637
8,15,15653,160663
16,31,5366,116748
32,63,3115,136188
64,127,1910,173108
128,255,847,139629
256,511,344,111399
512,1023,149,99161
1024,2047,230,402040
2048,4095,30,94522
4096,8191,59,400403
8192,16383,41,458012
16384,32767,4,71378
32768,65535,1,36527

histogram,directory size
count,72516,items
average,0.036172,KB
min,0,KB
max,35,KB
bucket min,bucket max,count,val count
0,2,72381,1586.776367
2,4,30,92.365234
4,8,59,391.133789
8,16,41,447.357422
16,32,4,69.712891
32,64,1,35.672852

histogram,filename length
count,2540940,items
average,16.047822,chars
min,1,chars
max,130,chars
bucket min,bucket max,count,val count
0,7,134769,570278
8,15,1276425,15343677
16,23,853559,16280642
24,31,187837,5027899
32,39,51605,1780220
40,47,21410,918189
48,55,9166,466481
56,63,4037,238228
64,71,1346,90459
72,79,685,51563
80,87,88,7503
88,95,3,271
96,103,4,401
104,111,1,106
120,127,3,378
127,-1,2,259.000000

histogram,mtime (files)
count,2447555,items
average,404.382346,days
min,-1501,days
max,3249,days
bucket min,bucket max,count,val count
-1,0,1,-1501.900544
0,2,5666,6497.460058
2,4,10831,34268.559421
4,8,3904,24063.596400
8,16,22880,244409.203623
16,32,36160,955892.902211
32,64,39306,2069041.123843
64,128,199825,19602577.694504
128,256,1329186,188734439.377550
256,512,224210,79559289.940649
512,1024,259552,194522241.791309
1024,2048,215474,270420063.295699
2048,4096,100560,233576749.352850

histogram,mtime (KB)
count,33342305649,items
average,186.346999,days
min,-1501,days
max,3249,days
bucket min,bucket max,count,val count
0,2,67149544,60585717.243045
2,4,91986378,288017353.396801
4,8,202880184,1232347362.484758
8,16,1992118052,23770238298.299564
16,32,2317025913,57907087120.603691
32,64,2700470628,141405599255.689606
64,128,11108449818,1091166372048.340820
128,256,9188478526,1532024428652.357910
256,512,2971545267,1142044178905.610840
512,1024,2253815335,1616508314063.905029
1024,2048,395612736,486779039622.203369
2048,4096,52773260,120052375657.288330

histogram,ctime (files)
count,2447555,items
average,121.646142,days
min,0,days
max,140,days
bucket min,bucket max,count,val count
0,2,22960,26906.002824
2,4,11243,35474.900486
4,8,6312,36876.289988
8,16,33706,376412.857963
16,32,46593,1232862.151319
32,64,51437,2844819.558113
64,128,338499,32383773.294966
128,256,1936805,260798497.364704

histogram,ctime (KB)
count,33342305649,items
average,97.839979,days
min,0,days
max,140,days
bucket min,bucket max,count,val count
0,2,68739086,62808727.936552
2,4,98344642,307901437.265554
4,8,257575609,1520518275.791239
8,16,2024828655,24222136313.047874
16,32,3047673786,80312042097.920761
32,64,2459137901,134926566077.881485
64,128,10646752914,1036572232933.099731
128,256,14739253053,1984286270870.400146

histogram,atime (files)
count,2447555,items
average,109.965761,days
min,0,days
max,1363,days
bucket min,bucket max,count,val count
0,2,32792,36172.676655
2,4,16107,50113.304387
4,8,7419,45621.815324
8,16,33183,372730.253241
16,32,45190,1036180.028206
32,64,54298,2967453.112558
64,128,2234047,253310252.975125
128,256,10636,1576281.513530
256,512,2563,913919.825648
512,1024,10210,7419050.711481
1024,2048,1110,1419472.241736

histogram,atime (KB)
count,33342305649,items
average,81.696419,days
min,0,days
max,1363,days
bucket min,bucket max,count,val count
0,2,195799241,194509592.031580
2,4,164539598,579258759.311323
4,8,493025393,2870246928.114292
8,16,3170140179,35203565944.366417
16,32,1830064368,41278918382.968803
32,64,2610970975,142313528454.360138
64,128,24877765893,2501506932193.403320

-------------------------------------------------------
stats for user 2228
histogram,file size
count,781565,items
average,16502.372291,KB
min,0,KB
max,119882165,KB
bucket min,bucket max,count,val count
0,2,296914,180401.523438
2,4,116707,362794.812500
4,8,42232,233953.096680
8,16,49558,582458.009766
16,32,24851,571435.792969
32,64,42324,1965041.146484
64,128,29093,2546445.071289
128,256,31327,5447829.082031
256,512,18307,6982985.068359
512,1024,16551,11949958.510742
1024,2048,18636,26897620.807617
2048,4096,17379,52535869.881836
4096,8192,18555,110254720.116211
8192,16384,23872,283941571.626953
16384,32768,8684,197350590.725586
32768,65536,8554,381263824.804688
65536,131072,4808,448771892.495117
131072,262144,5307,950774781.822266
262144,524288,3483,1305938788.129883
524288,1048576,2240,1660932100.148438
1048576,2097152,988,1458259572.894531
2097152,4194304,774,2266568728.347656
4194304,8388608,291,1618312696.604492
8388608,16777216,107,1205356432.032227
16777216,33554432,14,321397100.148438
33554432,67108864,5,188542063.404297
67108864,134217728,4,389754943.775391

histogram,capacity used
count,781565,items
average,8933.119247,KB
min,0,KB
max,60649623,KB
bucket min,bucket max,count,val count
0,2,173610,243494.000000
2,4,210986,632958.000000
4,8,85523,373215.500000
8,16,59529,619499.500000
16,32,26621,580624.000000
32,64,44465,1915438.000000
64,128,20264,1976411.000000
128,256,32975,6021148.000000
256,512,18012,6634626.000000
512,1024,16468,12201639.500000
1024,2048,23119,34684417.000000
2048,4096,23640,69164762.500000
4096,8192,12809,72096019.500000
8192,16384,7548,85860067.000000
16384,32768,7812,187713939.500000
32768,65536,5775,262598964.500000
65536,131072,4442,418821175.000000
131072,262144,3496,651787521.500000
262144,524288,1924,701931677.000000
524288,1048576,1173,824249967.000000
1048576,2097152,835,1219697345.000000
2097152,4194304,401,1194826200.000000
4194304,8388608,100,569526557.500000
8388608,16777216,25,262230931.000000
16777216,33554432,8,179281228.500000
33554432,67108864,5,216143518.500000

histogram,directory size (entries)
count,39591,items
average,21.040742,ents
min,0,ents
max,36527,ents
bucket min,bucket max,count,val count
0,1,13824,10417
2,3,2015,5150
4,7,8635,46658
8,15,9938,99114
16,31,2747,57832
32,63,1163,53332
64,127,754,71878
128,255,306,49550
256,511,82,29067
512,1023,64,44615
1024,2047,27,37031
2048,4095,10,31105
4096,8191,10,66442
8192,16383,11,122928
16384,32767,4,71378
32768,65535,1,36527

histogram,directory size
count,39591,items
average,0.022501,KB
min,0,KB
max,35,KB
bucket min,bucket max,count,val count
0,2,39555,570.072266
2,4,10,30.395508
4,8,10,64.904297
8,16,11,120.068359
16,32,4,69.712891
32,64,1,35.672852

histogram,filename length
count,831493,items
average,18.119170,chars
min,1,chars
max,130,chars
bucket min,bucket max,count,val count
0,7,71447,252578
8,15,207389,2617903
16,23,403393,7553097
24,31,98201,2603944
32,39,29891,1025884
40,47,13505,580945
48,55,4599,233411
56,63,1692,101060
64,71,898,60695
72,79,441,33134
80,87,30,2538
88,95,1,88
96,103,2,198
104,111,1,106
120,127,2,252
127,-1,1,130.000000

histogram,mtime (files)
count,781565,items
average,802.808835,days
min,-1501,days
max,3026,days
bucket min,bucket max,count,val count
-1,0,1,-1501.900544
0,2,394,191.861053
2,4,834,2495.238403
4,8,1199,8050.054329
8,16,9361,99286.703449
16,32,87,1803.437326
32,64,792,40874.969248
64,128,15647,1500347.039201
128,256,127696,26291857.524398
256,512,188949,66697602.873332
512,1024,192437,146395582.399519
1024,2048,157162,187704358.003445
2048,4096,87006,198706339.235430

histogram,mtime (KB)
count,12897676599,items
average,351.537841,days
min,-1501,days
max,3026,days
bucket min,bucket max,count,val count
0,2,2891929,791684.363698
2,4,159861,502096.130990
4,8,12586456,92414839.272441
8,16,304770220,3331710550.219445
16,32,14362138,231875216.031137
32,64,26995220,1403681948.605555
64,128,1681132457,183604881339.794525
128,256,5191309355,991124642735.519409
256,512,2969709374,1141428810575.186035
512,1024,2249599945,1613099378505.944092
1024,2048,391560061,480083904236.856812
2048,4096,52599577,119618793049.801910

histogram,ctime (files)
count,781565,items
average,131.685403,days
min,0,days
max,136,days
bucket min,bucket max,count,val count
0,2,394,191.860741
2,4,1330,3979.677211
4,8,1649,11299.706285
8,16,15179,160820.022407
16,32,15,295.942257
32,64,676,35494.493310
64,128,14112,1395131.389630
128,256,748210,101313488.565139

histogram,ctime (KB)
count,12897676599,items
average,127.485298,days
min,0,days
max,136,days
bucket min,bucket max,count,val count
0,2,2891929,791679.024860
2,4,7427100,22255159.124981
4,8,19052653,138290385.777836
8,16,341087539,3809651361.534716
16,32,2393051,38823260.768434
32,64,47177615,2611117798.513983
64,128,1639049831,177704983593.278229
128,256,10838596880,1459938237549.164307

histogram,atime (files)
count,781565,items
average,117.389300,days
min,0,days
max,1363,days
bucket min,bucket max,count,val count
0,2,564,220.548542
2,4,2552,7611.893715
4,8,4388,25749.327014
8,16,13412,140763.983889
16,32,624,11022.813947
32,64,1861,103941.465787
64,128,742471,81377643.558373
128,256,2013,412840.226551
256,512,2428,866136.679745
512,1024,10142,7381965.541620
1024,2048,1110,1419472.241736

histogram,atime (KB)
count,12897676599,items
average,102.733064,days
min,0,days
max,1363,days
bucket min,bucket max,count,val count
0,2,4258797,1190189.909468
2,4,14815207,44370396.557847
4,8,123784395,823252631.357557
8,16,282304931,3125969984.995056
16,32,24802595,440551407.562218
32,64,160825729,9345661986.023727
64,128,12286884942,1311236836551.178467

-------------------------------------------------------
stats for user 2322
histogram,file size
count,1086,items
average,904.126019,KB
min,0,KB
max,85756,KB
bucket min,bucket max,count,val count
0,2,320,110.311523
2,4,48,135.378906
4,8,70,386.459961
8,16,83,951.369141
16,32,41,992.316406
32,64,55,2599.230469
64,128,81,7741.571289
128,256,83,15781.678711
256,512,128,46906.098633
512,1024,27,20565.911133
1024,2048,87,123280.253906
2048,4096,16,45096.922852
4096,8192,11,63694.445312
8192,16384,25,295323.588867
16384,32768,8,195101.133789
32768,65536,2,77457.291016
65536,131072,1,85756.894531

histogram,capacity used
count,1086,items
average,707.718692,KB
min,0,KB
max,49564,KB
bucket min,bucket max,count,val count
0,2,265,334.500000
2,4,122,366.000000
4,8,113,499.000000
8,16,78,846.500000
16,32,42,858.500000
32,64,52,2378.500000
64,128,110,10194.500000
128,256,99,18112.500000
256,512,75,27446.000000
512,1024,42,28805.500000
1024,2048,29,40653.000000
2048,4096,9,22499.500000
4096,8192,16,82655.000000
8192,16384,23,266400.500000
16384,32768,10,216968.500000
32768,65536,1,49564.500000

histogram,directory size (entries)
count,84,items
average,14.035714,ents
min,1,ents
max,172,ents
bucket min,bucket max,count,val count
0,1,21,21
2,3,8,16
4,7,10,49
8,15,39,388
16,31,1,18
32,63,1,41
128,255,4,646

histogram,directory size
count,84,items
average,0.015660,KB
min,0,KB
max,0,KB
bucket min,bucket max,count,val count
0,2,84,1.315430

histogram,filename length
count,1185,items
average,16.627004,chars
min,3,chars
max,62,chars
bucket min,bucket max,count,val count
0,7,64,321
8,15,456,5679
16,23,560,10626
24,31,86,2251
32,39,9,316
40,47,5,204
56,63,5,306

histogram,mtime (files)
count,1086,items
average,1830.777353,days
min,105,days
max,2040,days
bucket min,bucket max,count,val count
64,128,1,105.843542
128,256,2,273.877199
1024,2048,1083,1987844.484641

histogram,mtime (KB)
count,981880,items
average,1863.352771,days
min,105,days
max,2040,days
bucket min,bucket max,count,val count
64,128,0,16.434691
128,256,19,2654.388406
1024,2048,981861,1829587743.405904

histogram,ctime (files)
count,1086,items
average,130.131752,days
min,105,days
max,136,days
bucket min,bucket max,count,val count
64,128,1,105.843542
128,256,1085,141217.238692

histogram,ctime (KB)
count,981880,items
average,130.139307,days
min,105,days
max,136,days
bucket min,bucket max,count,val count
64,128,0,16.434691
128,256,981880,127781278.155638

histogram,atime (files)
count,1086,items
average,145.601535,days
min,105,days
max,529,days
bucket min,bucket max,count,val count
64,128,1023,124794.850150
512,1024,63,33328.417326

histogram,atime (KB)
count,981880,items
average,119.973861,days
min,105,days
max,529,days
bucket min,bucket max,count,val count
64,128,981880,117800037.869542

-------------------------------------------------------
stats for user 2397
histogram,file size
count,6,items
average,17442.509440,KB
min,2,KB
max,70938,KB
bucket min,bucket max,count,val count
2,4,1,2.242188
1024,2048,1,1241.871094
4096,8192,2,11957.328125
16384,32768,1,20515.483398
65536,131072,1,70938.131836

histogram,capacity used
count,6,items
average,17464.750000,KB
min,3,KB
max,71000,KB
bucket min,bucket max,count,val count
2,4,1,3.000000
1024,2048,1,1254.500000
4096,8192,2,11985.000000
16384,32768,1,20546.000000
65536,131072,1,71000.000000

histogram,directory size (entries)
count,0,items
average,0.000000,ents
min,0,ents
max,0,ents
bucket min,bucket max,count,val count

histogram,directory size
count,0,items
average,0.000000,KB
min,0,KB
max,0,KB
bucket min,bucket max,count,val count

histogram,filename length
count,6,items
average,29.500000,chars
min,17,chars
max,39,chars
bucket min,bucket max,count,val count
16,23,1,17
24,31,4,121
32,39,1,39

histogram,mtime (files)
count,6,items
average,91.942269,days
min,19,days
max,261,days
bucket min,bucket max,count,val count
16,32,4,87.836597
128,256,1,201.858125
256,512,1,261.958889

histogram,mtime (KB)
count,104655,items
average,44.528624,days
min,19,days
max,261,days
bucket min,bucket max,count,val count
16,32,92697,1850618.610611
128,256,5371,1084180.383629
256,512,6586,1725346.685844

histogram,ctime (files)
count,6,items
average,21.293956,days
min,19,days
max,27,days
bucket min,bucket max,count,val count
16,32,6,127.763738

histogram,ctime (KB)
count,104655,items
average,19.963962,days
min,19,days
max,27,days
bucket min,bucket max,count,val count
16,32,104655,2089329.581877

histogram,atime (files)
count,6,items
average,18.467679,days
min,3,days
max,27,days
bucket min,bucket max,count,val count
2,4,1,3.193113
16,32,5,107.612963

histogram,atime (KB)
count,104655,items
average,19.072659,days
min,3,days
max,27,days
bucket min,bucket max,count,val count
2,4,5371,17150.218447
16,32,99284,1978899.972062

-------------------------------------------------------
stats for user 2899
histogram,file size
count,216,items
average,19018.352806,KB
min,0,KB
max,1071252,KB
bucket min,bucket max,count,val count
0,2,27,20.591797
2,4,3,8.986328
4,8,12,71.694336
8,16,77,1018.843750
16,32,11,204.913086
32,64,6,347.951172
64,128,10,890.788086
128,256,10,1875.232422
256,512,7,2309.508789
512,1024,10,7760.407227
1024,2048,8,11454.508789
2048,4096,4,10446.190430
4096,8192,1,6381.994141
8192,16384,7,72787.777344
16384,32768,1,16513.311523
32768,65536,7,334740.850586
65536,131072,6,555684.978516
131072,262144,6,1157398.033203
262144,524288,2,856795.180664
1048576,2097152,1,1071252.463867

histogram,capacity used
count,216,items
average,9943.655093,KB
min,0,KB
max,576395,KB
bucket min,bucket max,count,val count
0,2,17,24.500000
2,4,12,36.000000
4,8,77,324.500000
8,16,14,136.500000
16,32,12,231.000000
32,64,6,332.500000
64,128,14,1169.500000
128,256,12,2378.500000
256,512,9,3245.500000
512,1024,5,3290.000000
1024,2048,4,5644.500000
2048,4096,4,8842.000000
4096,8192,1,4769.500000
8192,16384,7,65077.500000
16384,32768,1,18111.000000
32768,65536,16,705106.000000
65536,131072,1,88776.500000
131072,262144,2,293104.500000
262144,524288,1,370834.500000
524288,1048576,1,576395.000000

histogram,directory size (entries)
count,12,items
average,18.333333,ents
min,1,ents
max,40,ents
bucket min,bucket max,count,val count
0,1,1,1
8,15,6,72
16,31,4,107
32,63,1,40

histogram,directory size
count,12,items
average,0.019857,KB
min,0,KB
max,0,KB
bucket min,bucket max,count,val count
0,2,12,0.238281

histogram,filename length
count,228,items
average,19.035088,chars
min,3,chars
max,46,chars
bucket min,bucket max,count,val count
0,7,12,67
8,15,64,663
16,23,62,1197
24,31,84,2168
32,39,2,69
40,47,4,176

histogram,mtime (files)
count,216,items
average,95.480848,days
min,17,days
max,132,days
bucket min,bucket max,count,val count
16,32,18,325.080995
32,64,30,1364.112141
64,128,109,11314.089873
128,256,59,7620.580058

histogram,mtime (KB)
count,4107964,items
average,62.893004,days
min,17,days
max,132,days
bucket min,bucket max,count,val count
16,32,1470,26471.721553
32,64,3060992,140433525.475368
64,128,693640,72470963.299681
128,256,351860,45431249.118905

histogram,ctime (files)
count,216,items
average,95.378644,days
min,17,days
max,132,days
bucket min,bucket max,count,val count
16,32,19,343.185428
32,64,29,1323.950810
64,128,109,11314.089873
128,256,59,7620.561053

histogram,ctime (KB)
count,4107964,items
average,62.601670,days
min,17,days
max,132,days
bucket min,bucket max,count,val count
16,32,55731,1008937.837748
32,64,3006730,138254301.411194
64,128,693640,72470963.299681
128,256,351860,45431219.003081

histogram,atime (files)
count,216,items
average,91.817140,days
min,17,days
max,122,days
bucket min,bucket max,count,val count
16,32,29,521.627407
32,64,18,830.717419
64,128,169,18480.157442

histogram,atime (KB)
count,4107964,items
average,48.721832,days
min,17,days
max,122,days
bucket min,bucket max,count,val count
16,32,1750452,31647444.779288
32,64,1312010,58855171.701495
64,128,1045501,109644924.755398

-------------------------------------------------------
stats for user 3007
histogram,file size
count,24373,items
average,4848.489059,KB
min,0,KB
max,973157,KB
bucket min,bucket max,count,val count
0,2,13517,9255.995117
2,4,1232,3577.481445
4,8,1300,7351.217773
8,16,832,9470.619141
16,32,369,8144.525391
32,64,210,8620.353516
64,128,85,8010.017578
128,256,117,22327.856445
256,512,247,95974.278320
512,1024,3010,2894992.122070
1024,2048,105,157423.227539
2048,4096,45,139202.033203
4096,8192,70,450658.604492
8192,16384,32,378774.863281
16384,32768,2874,67293281.302734
32768,65536,151,6424203.052734
65536,131072,61,6380681.599609
131072,262144,50,9372082.734375
262144,524288,51,14654577.230469
524288,1048576,15,9853614.727539

histogram,capacity used
count,24373,items
average,1904.793091,KB
min,0,KB
max,275866,KB
bucket min,bucket max,count,val count
0,2,9554,11435.000000
2,4,4947,14841.000000
4,8,1897,9093.000000
8,16,793,7849.000000
16,32,317,6869.500000
32,64,392,22260.000000
64,128,2615,184273.000000
128,256,197,37517.500000
256,512,229,84399.500000
512,1024,83,56000.500000
1024,2048,45,65666.000000
2048,4096,73,238434.500000
4096,8192,104,546196.500000
8192,16384,2953,32072760.000000
16384,32768,51,1205268.500000
32768,65536,32,1600052.000000
65536,131072,69,6037485.000000
131072,262144,21,3949255.500000
262144,524288,1,275866.000000

histogram,directory size (entries)
count,3227,items
average,8.519368,ents
min,0,ents
max,2852,ents
bucket min,bucket max,count,val count
0,1,29,28
2,3,189,541
4,7,2883,17255
8,15,35,398
16,31,35,786
32,63,22,955
64,127,22,1873
128,255,7,1068
256,511,3,994
512,1023,1,742
2048,4095,1,2852

histogram,directory size
count,3227,items
average,0.010273,KB
min,0,KB
max,2,KB
bucket min,bucket max,count,val count
0,2,3226,30.363281
2,4,1,2.787109

histogram,filename length
count,27602,items
average,13.648830,chars
min,1,chars
max,51,chars
bucket min,bucket max,count,val count
0,7,3716,18736
8,15,14121,160075
16,23,8513,161952
24,31,963,25808
32,39,265,9138
40,47,22,924
48,55,2,102

histogram,mtime (files)
count,24373,items
average,243.695927,days
min,0,days
max,3001,days
bucket min,bucket max,count,val count
0,2,2,0.019919
2,4,31,98.686227
4,8,173,969.476597
8,16,28,327.032546
16,32,102,1811.418125
32,64,769,44769.687708
64,128,18615,1428006.831146
128,256,388,69867.975984
256,512,817,300101.942269
512,1024,1670,1194805.877211
1024,2048,1443,2035543.989537
2048,4096,335,863297.890544

histogram,mtime (KB)
count,118172223,items
average,70.742405,days
min,0,days
max,3001,days
bucket min,bucket max,count,val count
0,2,0,0.001599
2,4,12892,43561.862864
4,8,5418328,37606904.105963
8,16,411,4884.932550
16,32,1092,19128.145399
32,64,29389380,1761896896.990504
64,128,83139985,6332331740.607181
128,256,3062,549976.884507
256,512,17496,6213124.236838
512,1024,106952,86681728.205530
1024,2048,78943,125048848.113922
2048,4096,3677,9390579.568754

histogram,ctime (files)
count,24373,items
average,78.663134,days
min,0,days
max,96,days
bucket min,bucket max,count,val count
0,2,2,0.019919
2,4,32,97.781181
4,8,181,1008.866713
8,16,21,251.271250
16,32,114,1953.317118
32,64,755,44017.553391
64,128,23268,1869927.765810

histogram,ctime (KB)
count,118172223,items
average,68.962188,days
min,0,days
max,96,days
bucket min,bucket max,count,val count
0,2,0,0.001599
2,4,12907,43590.321806
4,8,5418341,37606967.605106
8,16,401,4783.744986
16,32,1155,19794.835609
32,64,29389300,1761891737.840633
64,128,83350118,6349848289.257168

histogram,atime (files)
count,24373,items
average,61.825385,days
min,0,days
max,96,days
bucket min,bucket max,count,val count
0,2,7,0.224120
2,4,4415,13351.343981
4,8,74,398.760185
8,16,23,234.210660
16,32,63,1437.748750
32,64,719,41748.691690
64,128,19072,1449699.139873

histogram,atime (KB)
count,118172223,items
average,67.260533,days
min,0,days
max,96,days
bucket min,bucket max,count,val count
0,2,18,0.744986
2,4,224485,831414.813935
4,8,5248649,26213937.273682
8,16,35,418.949876
16,32,339,7337.007772
32,64,30194757,1793704691.458874
64,128,82503937,6127568964.314548

-------------------------------------------------------
stats for user 3478
histogram,file size
count,45508,items
average,21940.637719,KB
min,0,KB
max,34415548,KB
bucket min,bucket max,count,val count
0,2,9697,5598.230469
2,4,944,2683.259766
4,8,1087,6360.344727
8,16,905,10816.549805
16,32,739,16142.827148
32,64,856,38596.217773
64,128,355,32278.141602
128,256,997,197242.449219
256,512,5377,2086582.470703
512,1024,6784,4968272.041992
1024,2048,3570,4968060.428711
2048,4096,2464,7741993.292969
4096,8192,3768,22738686.905273
8192,16384,3454,38186956.163086
16384,32768,1281,25331763.676758
32768,65536,1678,84005437.437500
65536,131072,444,34692916.796875
131072,262144,403,71016825.306641
262144,524288,296,110373788.834961
524288,1048576,296,210666269.783203
1048576,2097152,66,99799981.949219
2097152,4194304,36,98014918.881836
4194304,8388608,1,5269533.345703
8388608,16777216,5,58668741.018555
16777216,33554432,4,85218546.230469
33554432,67108864,1,34415548.750000

histogram,capacity used
count,45508,items
average,12023.275644,KB
min,0,KB
max,33925492,KB
bucket min,bucket max,count,val count
0,2,5809,8350.500000
2,4,4563,13689.000000
4,8,1483,7301.500000
8,16,1276,13510.000000
16,32,770,16505.500000
32,64,680,27977.500000
64,128,873,88889.000000
128,256,6264,1221721.000000
256,512,7004,2497320.000000
512,1024,2862,1948782.000000
1024,2048,1835,3016919.500000
2048,4096,3652,10808812.500000
4096,8192,3935,21955833.500000
8192,16384,1500,15458703.000000
16384,32768,1303,35033542.000000
32768,65536,678,25877364.000000
65536,131072,308,28363395.500000
131072,262144,330,57412703.500000
262144,524288,212,77181192.500000
524288,1048576,90,56647813.500000
1048576,2097152,69,95301016.500000
2097152,4194304,2,6322438.500000
4194304,8388608,5,32445782.500000
8388608,16777216,4,41560172.500000
33554432,67108864,1,33925492.500000

histogram,directory size (entries)
count,1350,items
average,33.782963,ents
min,0,ents
max,1928,ents
bucket min,bucket max,count,val count
0,1,175,102
2,3,106,253
4,7,269,1364
8,15,370,3696
16,31,144,3179
32,63,120,5038
64,127,113,10332
128,255,31,5597
256,511,15,4081
512,1023,1,558
1024,2047,6,11407

histogram,directory size
count,1350,items
average,0.034944,KB
min,0,KB
max,1,KB
bucket min,bucket max,count,val count
0,2,1350,47.174805

histogram,filename length
count,46866,items
average,17.631481,chars
min,1,chars
max,95,chars
bucket min,bucket max,count,val count
0,7,2953,14051
8,15,19106,232887
16,23,17385,328662
24,31,4344,114565
32,39,1329,46730
40,47,800,35280
48,55,498,25296
56,63,284,16860
64,71,89,5856
72,79,59,4484
80,87,17,1463
88,95,2,183

histogram,mtime (files)
count,45508,items
average,61.891807,days
min,0,days
max,3249,days
bucket min,bucket max,count,val count
0,2,80,103.585845
2,4,344,879.760799
4,8,22,131.871979
8,16,8726,90240.399421
16,32,14936,410822.239074
32,64,7335,364304.665741
64,128,11465,1117136.269144
128,256,2195,412359.192095
256,512,25,10232.718935
512,1024,157,128665.163565
1024,2048,214,254648.849028
2048,4096,9,27047.619826

histogram,mtime (KB)
count,998474541,items
average,75.991852,days
min,0,days
max,3249,days
bucket min,bucket max,count,val count
0,2,669241,941165.480374
2,4,4887586,12846144.836786
4,8,64510,379843.931913
8,16,62904894,652152643.689588
16,32,138017931,3663395548.841597
32,64,264973480,13290614254.716988
64,128,507471610,55676845557.453911
128,256,19480701,2575556784.871748
256,512,430,154408.967809
512,1024,3738,2380169.130559
1024,2048,348,452553.205921
2048,4096,67,210873.995678

histogram,ctime (files)
count,45508,items
average,49.499586,days
min,0,days
max,133,days
bucket min,bucket max,count,val count
0,2,80,103.585799
2,4,344,879.760451
4,8,22,131.871956
8,16,8726,90240.395197
16,32,14936,410822.222558
32,64,7337,364420.410833
64,128,14017,1379968.345938
128,256,46,6060.566898

histogram,ctime (KB)
count,998474541,items
average,75.970350,days
min,0,days
max,133,days
bucket min,bucket max,count,val count
0,2,669241,941164.340073
2,4,4887586,12846136.668046
4,8,64510,379843.742085
8,16,62904894,652152524.912741
16,32,138017931,3663393081.207509
32,64,265117064,13298660124.623131
64,128,507378900,55658363331.413536
128,256,19434411,2567723886.245056

histogram,atime (files)
count,45508,items
average,47.656064,days
min,0,days
max,122,days
bucket min,bucket max,count,val count
0,2,468,730.854456
2,4,652,1765.576852
4,8,193,1041.522512
8,16,8156,81060.076065
16,32,14943,406213.172315
32,64,7423,363310.824606
64,128,13673,1314610.136609

histogram,atime (KB)
count,998474541,items
average,72.934345,days
min,0,days
max,122,days
bucket min,bucket max,count,val count
0,2,4840325,8640460.587866
2,4,1446426,4113909.717210
4,8,375629,2059504.539914
8,16,63034691,626428263.711012
16,32,137214838,3559270613.314077
32,64,267560844,13156251517.478479
64,128,524001784,55466321994.189949

-------------------------------------------------------
stats for user 3899
histogram,file size
count,2044,items
average,97782.033873,KB
min,0,KB
max,20579170,KB
bucket min,bucket max,count,val count
0,2,1035,614.793945
2,4,132,347.066406
4,8,126,710.696289
8,16,83,933.338867
16,32,74,1595.051758
32,64,92,3694.843750
64,128,40,3370.750000
128,256,30,5194.180664
256,512,18,6692.697266
512,1024,61,42457.363281
1024,2048,39,60161.687500
2048,4096,23,62398.479492
4096,8192,8,47290.628906
8192,16384,40,372512.490234
16384,32768,13,272343.562500
32768,65536,34,1352157.158203
65536,131072,17,1418326.715820
131072,262144,56,9831431.097656
262144,524288,36,13337331.797852
524288,1048576,55,41428247.501953
1048576,2097152,16,27618032.286133
2097152,4194304,7,22223435.429688
4194304,8388608,4,19042434.729492
8388608,16777216,4,42155591.914062
16777216,33554432,1,20579170.974609

histogram,capacity used
count,2044,items
average,50317.225294,KB
min,0,KB
max,10620609,KB
bucket min,bucket max,count,val count
0,2,614,882.000000
2,4,578,1734.000000
4,8,161,767.500000
8,16,91,1004.500000
16,32,108,2575.000000
32,64,39,1538.500000
64,128,19,1864.000000
128,256,17,3277.000000
256,512,39,13773.000000
512,1024,49,37029.000000
1024,2048,32,48510.000000
2048,4096,40,129139.500000
4096,8192,30,165662.000000
8192,16384,12,117489.500000
16384,32768,29,723126.000000
32768,65536,31,1335003.500000
65536,131072,34,3384787.000000
131072,262144,58,11225497.000000
262144,524288,19,6600836.500000
524288,1048576,26,16070581.500000
1048576,2097152,12,16864966.000000
2097152,4194304,2,6332258.000000
4194304,8388608,1,8000663.000000
8388608,16777216,3,31785444.500000

histogram,directory size (entries)
count,114,items
average,14.754386,ents
min,0,ents
max,141,ents
bucket min,bucket max,count,val count
0,1,29,10
2,3,10,27
4,7,30,152
8,15,26,255
16,31,6,155
32,63,5,190
64,127,6,620
128,255,2,273

histogram,directory size
count,114,items
average,0.016362,KB
min,0,KB
max,0,KB
bucket min,bucket max,count,val count
0,2,114,1.865234

histogram,filename length
count,2158,items
average,22.641798,chars
min,1,chars
max,126,chars
bucket min,bucket max,count,val count
0,7,170,595
8,15,672,8103
16,23,560,10775
24,31,267,7278
32,39,184,6499
40,47,132,5779
48,55,111,5633
56,63,23,1351
64,71,20,1354
72,79,17,1284
80,87,1,84
120,127,1,126

histogram,mtime (files)
count,2044,items
average,107.993101,days
min,81,days
max,133,days
bucket min,bucket max,count,val count
64,128,1558,156167.363843
128,256,486,64570.535301

histogram,mtime (KB)
count,199866477,items
average,111.643107,days
min,81,days
max,133,days
bucket min,bucket max,count,val count
64,128,164023956,17540749700.499119
128,256,35842521,4772964786.736192

histogram,ctime (files)
count,2044,items
average,107.947544,days
min,81,days
max,133,days
bucket min,bucket max,count,val count
64,128,1558,156077.712014
128,256,486,64567.068738

histogram,ctime (KB)
count,199866477,items
average,111.071752,days
min,81,days
max,133,days
bucket min,bucket max,count,val count
64,128,164023956,17426670396.546925
128,256,35842521,4772849412.440544

histogram,atime (files)
count,2044,items
average,103.543355,days
min,59,days
max,132,days
bucket min,bucket max,count,val count
32,64,1,59.953472
64,128,2035,210520.367130
128,256,8,1062.297280

histogram,atime (KB)
count,199866477,items
average,103.114653,days
min,59,days
max,132,days
bucket min,bucket max,count,val count
32,64,40,2401.827433
64,128,199866437,20609160099.442780

-------------------------------------------------------
stats for user 4033
histogram,file size
count,828059,items
average,13023.968189,KB
min,0,KB
max,72574713,KB
bucket min,bucket max,count,val count
0,2,56726,37701.546875
2,4,22877,63874.216797
4,8,34818,193700.191406
8,16,89747,1229835.646484
16,32,159984,4186826.689453
32,64,16229,679530.388672
64,128,95603,8183929.968750
128,256,3645,703425.357422
256,512,10284,3782198.763672
512,1024,8768,6387103.789062
1024,2048,301051,585859861.871094
2048,4096,5898,18118858.000000
4096,8192,5160,31497860.238281
8192,16384,4158,47765964.740234
16384,32768,1867,41365135.520508
32768,65536,3335,143410878.134766
65536,131072,1533,141787470.098633
131072,262144,3538,715221202.613281
262144,524288,1368,491717626.859375
524288,1048576,730,515136698.962891
1048576,2097152,476,741482960.944336
2097152,4194304,127,355456849.798828
4194304,8388608,39,206087654.658203
8388608,16777216,5,61998063.306641
16777216,33554432,1,31158448.553711
33554432,67108864,2,112790162.842773
67108864,134217728,90,6518310251.078125

histogram,capacity used
count,828059,items
average,2575.967700,KB
min,0,KB
max,37475306,KB
bucket min,bucket max,count,val count
0,2,32016,39992.000000
2,4,44996,134988.000000
4,8,53456,279679.500000
8,16,167180,1598170.000000
16,32,76939,1471785.000000
32,64,10529,440061.500000
64,128,94360,8050535.500000
128,256,11395,2161642.000000
256,512,11292,4155451.500000
512,1024,4015,2879143.000000
1024,2048,298862,585728217.500000
2048,4096,5966,18219054.500000
4096,8192,4640,26290551.000000
8192,16384,3263,35735809.500000
16384,32768,3380,75602380.500000
32768,65536,1691,79821906.000000
65536,131072,2422,218341789.500000
131072,262144,719,130311886.000000
262144,524288,440,162552615.000000
524288,1048576,335,218328894.000000
1048576,2097152,69,105686633.000000
2097152,4194304,56,173693740.000000
4194304,8388608,30,165830912.000000
8388608,16777216,7,78222094.500000
33554432,67108864,1,37475306.500000

histogram,directory size (entries)
count,5060,items
average,164.745455,ents
min,0,ents
max,11251,ents
bucket min,bucket max,count,val count
0,1,212,140
2,3,556,1400
4,7,1983,8562
8,15,601,6919
16,31,590,13158
32,63,471,20260
64,127,224,20282
128,255,177,30784
256,511,62,19186
512,1023,22,14540
1024,2047,98,175178
2048,4095,13,41747
4096,8191,22,156123
8192,16383,29,325333

histogram,directory size
count,5060,items
average,0.162837,KB
min,0,KB
max,10,KB
bucket min,bucket max,count,val count
0,2,4996,312.891602
2,4,13,40.793945
4,8,22,152.506836
8,16,29,317.764648

histogram,filename length
count,833498,items
average,15.166611,chars
min,1,chars
max,87,chars
bucket min,bucket max,count,val count
0,7,12709,62326
8,15,589445,7296157
16,23,180586,3643466
24,31,34371,959862
32,39,8764,308712
40,47,3849,162272
48,55,1970,101558
56,63,1599,92962
64,71,164,11005
72,79,40,2933
80,87,1,87

histogram,mtime (files)
count,828059,items
average,129.687713,days
min,0,days
max,157,days
bucket min,bucket max,count,val count
0,2,895,1339.110671
2,4,165,549.009560
4,8,868,4197.131192
8,16,540,6627.022014
16,32,1448,29150.453484
32,64,10574,600729.490417
64,128,10552,1034769.575370
128,256,803017,105711715.804991

histogram,mtime (KB)
count,10784614074,items
average,83.618958,days
min,0,days
max,157,days
bucket min,bucket max,count,val count
0,2,21560325,33925386.208242
2,4,3105182,8599177.047930
4,8,23701863,132456066.293538
8,16,443158107,5291463354.645593
16,32,1532660840,40084867027.489891
32,64,1607116258,86723752281.609467
64,128,4878297255,469439124326.749756
128,256,2275014239,300084003973.188782

histogram,ctime (files)
count,828059,items
average,129.685781,days
min,0,days
max,132,days
bucket min,bucket max,count,val count
0,2,908,1364.554468
2,4,152,522.182789
4,8,868,4197.029977
8,16,542,6636.235324
16,32,1474,29872.420081
32,64,10546,599317.098704
64,128,10558,1034759.776528
128,256,803011,105710808.852525

histogram,ctime (KB)
count,10784614074,items
average,81.979026,days
min,0,days
max,132,days
bucket min,bucket max,count,val count
0,2,22468409,35702739.920573
2,4,2197098,6737968.207262
4,8,23701863,132452250.931054
8,16,443497054,5296087875.291494
16,32,2255758846,62450443250.790565
32,64,883679305,50478728426.845795
64,128,4883032776,466366765412.028687
128,256,2270278719,299345242759.666565

histogram,atime (files)
count,828059,items
average,120.125036,days
min,0,days
max,132,days
bucket min,bucket max,count,val count
0,2,1064,588.120637
2,4,779,2912.146910
4,8,323,1745.310937
8,16,626,7379.064178
16,32,1498,31039.591875
32,64,11604,637562.629398
64,128,805324,97893678.906829
128,256,6841,895711.091609

histogram,atime (KB)
count,10784614074,items
average,69.689470,days
min,0,days
max,132,days
bucket min,bucket max,count,val count
0,2,25056878,4352683.695145
2,4,15552238,52729003.086166
4,8,141713120,795652686.876141
8,16,1622338638,16958952488.130199
16,32,1028418371,23980618169.910583
32,64,1010638212,55227829678.196991
64,128,6940896614,654553907394.952759

-------------------------------------------------------
stats for user 4144
histogram,file size
count,15564,items
average,22437.651409,KB
min,0,KB
max,2494871,KB
bucket min,bucket max,count,val count
0,2,2436,1972.145508
2,4,1259,3667.776367
4,8,1253,7123.616211
8,16,980,10865.065430
16,32,464,10787.046875
32,64,307,12738.911133
64,128,152,14870.271484
128,256,301,52568.419922
256,512,327,121745.730469
512,1024,588,493617.631836
1024,2048,1015,1400996.534180
2048,4096,741,1840635.968750
4096,8192,186,1174802.394531
8192,16384,1370,17491092.842773
16384,32768,3144,79110579.104492
32768,65536,322,11518654.528320
65536,131072,235,21054298.445312
131072,262144,170,34884812.274414
262144,524288,205,71585952.994141
524288,1048576,85,57302903.682617
1048576,2097152,14,26192053.884766
2097152,4194304,10,24932867.262695

histogram,capacity used
count,15564,items
average,8743.727352,KB
min,0,KB
max,771163,KB
bucket min,bucket max,count,val count
0,2,1164,1737.000000
2,4,2303,6909.000000
4,8,1920,9097.000000
8,16,977,9856.500000
16,32,315,6927.500000
32,64,260,11857.500000
64,128,159,16151.000000
128,256,359,64521.000000
256,512,288,112801.500000
512,1024,980,740317.500000
1024,2048,957,1440133.000000
2048,4096,349,1084816.000000
4096,8192,1080,6505607.000000
8192,16384,1191,15564469.500000
16384,32768,2726,64183285.000000
32768,65536,341,14741913.500000
65536,131072,138,12791310.500000
131072,262144,32,5033760.500000
262144,524288,13,5377199.000000
524288,1048576,12,8384703.000000

histogram,directory size (entries)
count,358,items
average,44.525140,ents
min,1,ents
max,2303,ents
bucket min,bucket max,count,val count
0,1,24,24
2,3,184,532
4,7,27,149
8,15,31,372
16,31,33,732
32,63,23,988
64,127,13,1128
128,255,6,931
256,511,8,2992
512,1023,7,4468
1024,2047,1,1321
2048,4095,1,2303

histogram,directory size
count,358,items
average,0.045435,KB
min,0,KB
max,2,KB
bucket min,bucket max,count,val count
0,2,357,14.014648
2,4,1,2.250977

histogram,filename length
count,15965,items
average,17.463075,chars
min,3,chars
max,70,chars
bucket min,bucket max,count,val count
0,7,836,4288
8,15,2559,30894
16,23,10302,176462
24,31,1620,44113
32,39,616,21504
40,47,21,885
48,55,4,200
56,63,4,245
64,71,3,207

histogram,mtime (files)
count,15564,items
average,354.037838,days
min,12,days
max,3001,days
bucket min,bucket max,count,val count
8,16,2,25.946667
16,32,963,23072.651343
32,64,2450,108536.299884
64,128,7478,910085.942454
128,256,399,71873.775475
256,512,823,301976.067465
512,1024,1671,1195817.559803
1024,2048,1443,2035555.994398
2048,4096,335,863300.675799

histogram,mtime (KB)
count,349219606,items
average,68.668829,days
min,12,days
max,3001,days
bucket min,bucket max,count,val count
8,16,40,521.456594
16,32,2267899,54055119.164154
32,64,239184365,10526653461.337875
64,128,107556819,13171820875.397165
128,256,3273,587698.078391
256,512,17632,6257870.459194
512,1024,106955,86685623.602702
1024,2048,78943,125049505.267577
2048,4096,3677,9390610.141111

histogram,ctime (files)
count,15564,items
average,72.330018,days
min,12,days
max,122,days
bucket min,bucket max,count,val count
8,16,2,25.946667
16,32,6067,144648.618229
32,64,2287,100774.330324
64,128,7208,880295.498519

histogram,ctime (KB)
count,349219606,items
average,67.940592,days
min,12,days
max,122,days
bucket min,bucket max,count,val count
8,16,40,521.456594
16,32,2489843,59345780.980598
32,64,239182687,10526575801.589577
64,128,107547035,13140264544.576788

histogram,atime (files)
count,15564,items
average,70.078807,days
min,0,days
max,121,days
bucket min,bucket max,count,val count
0,2,12,0.490208
8,16,2,25.814120
16,32,6068,143764.825706
32,64,2275,98525.590995
64,128,7207,848389.837662

histogram,atime (KB)
count,349219606,items
average,65.587162,days
min,0,days
max,121,days
bucket min,bucket max,count,val count
0,2,12,0.522803
8,16,40,518.765635
16,32,2489847,57314092.875831
32,64,239182674,10370488905.742517
64,128,107547030,12476519489.034920

-------------------------------------------------------
stats for user 4145
histogram,file size
count,401603,items
average,4205.569451,KB
min,0,KB
max,15667927,KB
bucket min,bucket max,count,val count
0,2,18074,7434.992188
2,4,4783,11376.814453
4,8,5598,31277.563477
8,16,34510,440405.450195
16,32,1715,38175.569336
32,64,1629,77085.935547
64,128,1247,120509.057617
128,256,1816,311701.605469
256,512,4819,1795355.291016
512,1024,10447,8065232.227539
1024,2048,299193,583269336.899414
2048,4096,2879,8774888.032227
4096,8192,3958,22746079.285156
8192,16384,2509,29097100.708008
16384,32768,4809,109995536.970703
32768,65536,1773,88196021.274414
65536,131072,556,45320087.461914
131072,262144,657,114283561.838867
262144,524288,230,88768908.991211
524288,1048576,248,184238991.617188
1048576,2097152,60,85775559.567383
2097152,4194304,76,207719163.336914
4194304,8388608,14,69354403.324219
8388608,16777216,3,40531114.292969

histogram,capacity used
count,401603,items
average,3033.659984,KB
min,0,KB
max,9821159,KB
bucket min,bucket max,count,val count
0,2,14893,18204.500000
2,4,8784,26352.000000
4,8,37897,233476.500000
8,16,2622,27342.500000
16,32,4320,110366.500000
32,64,2895,150335.000000
64,128,3619,301115.000000
128,256,3741,698263.000000
256,512,6064,2286967.000000
512,1024,4310,3236203.000000
1024,2048,298546,585358530.000000
2048,4096,2888,8593842.500000
4096,8192,2239,13102008.500000
8192,16384,4697,52534389.500000
16384,32768,1870,45674192.000000
32768,65536,1263,55679346.000000
65536,131072,366,35556312.500000
131072,262144,210,37590295.500000
262144,524288,153,53549884.000000
524288,1048576,125,77340768.500000
1048576,2097152,26,36097988.000000
2097152,4194304,72,186971287.000000
4194304,8388608,2,13368322.000000
8388608,16777216,1,9821159.500000

histogram,directory size (entries)
count,4038,items
average,102.627291,ents
min,0,ents
max,9751,ents
bucket min,bucket max,count,val count
0,1,240,223
2,3,271,614
4,7,2714,16164
8,15,220,2380
16,31,155,3392
32,63,150,6335
64,127,100,8153
128,255,51,9769
256,511,13,4306
512,1023,6,4805
1024,2047,86,159301
2048,4095,5,16515
4096,8191,26,172701
8192,16383,1,9751

histogram,directory size
count,4038,items
average,0.102175,KB
min,0,KB
max,9,KB
bucket min,bucket max,count,val count
0,2,4006,218.216797
2,4,5,16.137695
4,8,26,168.704102
8,16,1,9.524414

histogram,filename length
count,414272,items
average,12.967963,chars
min,1,chars
max,68,chars
bucket min,bucket max,count,val count
0,7,5062,26726
8,15,320465,3533342
16,23,76291,1454846
24,31,8928,228874
32,39,2594,86674
40,47,559,22866
48,55,339,16853
56,63,27,1611
64,71,7,472

histogram,mtime (files)
count,401603,items
average,138.896226,days
min,0,days
max,2264,days
bucket min,bucket max,count,val count
0,2,5,0.354329
2,4,4533,17482.547581
4,8,4,23.215984
32,64,4550,172322.305324
64,128,15969,1711306.531204
128,256,373531,52194122.651886
256,512,2012,683583.273889
512,1024,874,750352.401759
1024,2048,52,87486.614433
2048,4096,73,164461.221852

histogram,mtime (KB)
count,1688969308,items
average,132.196793,days
min,0,days
max,2264,days
bucket min,bucket max,count,val count
0,2,50477,8376.412598
2,4,29053994,110860031.943981
4,8,16755,103641.145184
32,64,34869433,1321072214.998105
64,128,91144139,9401880827.626650
128,256,1533015593,212150150222.909607
256,512,807346,282257847.483127
512,1024,11075,8973078.176595
1024,2048,188,338443.481636
2048,4096,302,682144.809323

histogram,ctime (files)
count,401603,items
average,135.673768,days
min,0,days
max,140,days
bucket min,bucket max,count,val count
0,2,5,0.354329
2,4,4533,17482.545278
4,8,4,23.215984
32,64,4550,172322.303310
64,128,16250,1737515.970833
128,256,376261,52559647.686863

histogram,ctime (KB)
count,1688969308,items
average,132.080876,days
min,0,days
max,140,days
bucket min,bucket max,count,val count
0,2,50477,8376.412598
2,4,29053994,110859978.425606
4,8,16755,103641.145184
32,64,34869433,1321072158.011081
64,128,91191909,9397881339.465710
128,256,1533786736,212250620407.867615

histogram,atime (files)
count,401603,items
average,117.555464,days
min,0,days
max,399,days
bucket min,bucket max,count,val count
0,2,101,22.283345
2,4,4467,13120.810729
4,8,2,12.476042
8,16,1,9.374456
32,64,4730,175704.855637
64,128,390732,46774502.385604
128,256,1435,199471.610058
256,512,135,47783.145903

histogram,atime (KB)
count,1688969308,items
average,101.401144,days
min,0,days
max,399,days
bucket min,bucket max,count,val count
0,2,498426,51479.156020
2,4,28625034,84030496.360107
4,8,4268,26275.784468
8,16,5004,46912.908839
32,64,47419536,1912271122.608026
64,128,1612417037,169266993976.517273

-------------------------------------------------------
stats for user 4274
histogram,file size
count,134204,items
average,274.370013,KB
min,0,KB
max,2682763,KB
bucket min,bucket max,count,val count
0,2,46405,39688.335938
2,4,27520,79958.936523
4,8,27941,159372.109375
8,16,16854,188915.910156
16,32,7855,171988.783203
32,64,3431,145365.726562
64,128,1201,105029.200195
128,256,485,87984.043945
256,512,686,252663.434570
512,1024,648,445287.096680
1024,2048,158,224395.075195
2048,4096,427,1277044.331055
4096,8192,249,1663479.720703
8192,16384,145,1546712.650391
16384,32768,76,1666608.962891
32768,65536,68,3020818.209961
65536,131072,10,882612.617188
131072,262144,19,3051054.058594
262144,524288,13,5120161.730469
524288,1048576,9,5961358.850586
2097152,4194304,4,10731053.468750

histogram,capacity used
count,134204,items
average,184.267872,KB
min,0,KB
max,2652115,KB
bucket min,bucket max,count,val count
0,2,19913,29652.500000
2,4,47632,142896.000000
4,8,41644,197874.500000
8,16,16495,164060.500000
16,32,4723,97544.000000
32,64,1097,47212.500000
64,128,652,56928.500000
128,256,410,77547.000000
256,512,496,173439.000000
512,1024,174,119873.000000
1024,2048,363,556661.000000
2048,4096,315,975299.000000
4096,8192,150,855540.000000
8192,16384,57,675577.000000
16384,32768,34,754736.500000
32768,65536,8,419545.000000
65536,131072,14,1079338.000000
131072,262144,10,1683697.000000
262144,524288,8,2866612.000000
524288,1048576,5,3146992.500000
2097152,4194304,4,10608460.000000

histogram,directory size (entries)
count,7552,items
average,18.791181,ents
min,0,ents
max,591,ents
bucket min,bucket max,count,val count
0,1,448,428
2,3,4262,12375
4,7,502,2754
8,15,656,7716
16,31,705,15817
32,63,442,18613
64,127,296,25527
128,255,145,22362
256,511,72,22145
512,1023,24,14174

histogram,directory size
count,7552,items
average,0.020304,KB
min,0,KB
max,0,KB
bucket min,bucket max,count,val count
0,2,7552,153.334961

histogram,filename length
count,141899,items
average,15.567016,chars
min,3,chars
max,52,chars
bucket min,bucket max,count,val count
0,7,18651,94780
8,15,52736,639741
16,23,54676,1037188
24,31,13392,352305
32,39,2176,73591
40,47,261,10983
48,55,7,356

histogram,mtime (files)
count,134204,items
average,820.285808,days
min,53,days
max,3001,days
bucket min,bucket max,count,val count
32,64,1,53.068275
64,128,19698,1977541.692106
128,256,11103,1973682.944225
256,512,20232,7434875.768785
512,1024,40312,28849460.411493
1024,2048,34810,49110191.427546
2048,4096,8048,20739831.305417

histogram,mtime (KB)
count,36821553,items
average,239.126814,days
min,53,days
max,3001,days
bucket min,bucket max,count,val count
32,64,0,18.190395
64,128,31742937,3326201537.607781
128,256,97761,17457917.692118
256,512,429320,152481695.009029
512,1024,2567868,2081081263.653856
1024,2048,1895280,3002086055.501590
2048,4096,88383,225712216.447110

histogram,ctime (files)
count,134204,items
average,95.275116,days
min,53,days
max,131,days
bucket min,bucket max,count,val count
32,64,1,53.068275
64,128,134199,12785724.247407
128,256,4,524.358380

histogram,ctime (KB)
count,36821553,items
average,103.399057,days
min,53,days
max,131,days
bucket min,bucket max,count,val count
32,64,0,18.190395
64,128,36821537,3807311884.610756
128,256,15,1985.427016

histogram,atime (files)
count,134204,items
average,90.671213,days
min,13,days
max,106,days
bucket min,bucket max,count,val count
8,16,5,68.491157
16,32,1,23.348368
32,64,1,52.929468
64,128,134197,12168294.659849

histogram,atime (KB)
count,36821553,items
average,102.657521,days
min,13,days
max,106,days
bucket min,bucket max,count,val count
8,16,3955,54354.863800
16,32,1263,29503.171164
32,64,0,18.142816
64,128,36816333,3779925497.349664

-------------------------------------------------------
stats for user 4452
histogram,file size
count,76610,items
average,9542.025463,KB
min,0,KB
max,73525786,KB
bucket min,bucket max,count,val count
0,2,24578,21652.735352
2,4,9772,28475.154297
4,8,9627,55094.656250
8,16,6314,69455.532227
16,32,2768,60800.034180
32,64,1229,52406.876953
64,128,1053,95207.219727
128,256,346,66096.778320
256,512,720,268258.173828
512,1024,1759,1405193.458984
1024,2048,2849,4259694.033203
2048,4096,2325,7305444.053711
4096,8192,2369,13386305.627930
8192,16384,2987,36624224.114258
16384,32768,2785,65674296.077148
32768,65536,2158,97817272.741211
65536,131072,2569,226548497.442383
131072,262144,235,43136898.673828
262144,524288,115,47987011.596680
524288,1048576,19,13194275.618164
1048576,2097152,11,15713467.887695
2097152,4194304,18,52113351.756836
4194304,8388608,1,4941367.343750
8388608,16777216,2,26664037.000000
67108864,134217728,1,73525786.113281

histogram,capacity used
count,76610,items
average,6182.902976,KB
min,0,KB
max,43936448,KB
bucket min,bucket max,count,val count
0,2,10411,14816.500000
2,4,21816,65448.000000
4,8,14853,71346.000000
8,16,5964,60061.500000
16,32,1982,40462.500000
32,64,481,21017.000000
64,128,527,49738.000000
128,256,715,133664.500000
256,512,1085,418086.500000
512,1024,1971,1464504.500000
1024,2048,2171,2967462.500000
2048,4096,3658,11291359.500000
4096,8192,2165,12341609.500000
8192,16384,3253,37638558.500000
16384,32768,2406,58605443.500000
32768,65536,1662,73172957.000000
65536,131072,1278,107564180.500000
131072,262144,127,25370680.000000
262144,524288,46,16819187.000000
524288,1048576,18,13071984.500000
1048576,2097152,6,9039600.000000
2097152,4194304,11,33341661.000000
4194304,8388608,2,12833016.500000
8388608,16777216,1,13338903.500000
33554432,67108864,1,43936448.500000

histogram,directory size (entries)
count,3796,items
average,21.450738,ents
min,0,ents
max,1327,ents
bucket min,bucket max,count,val count
0,1,395,393
2,3,1456,4222
4,7,284,1685
8,15,585,6679
16,31,475,11140
32,63,386,16459
64,127,117,10087
128,255,48,7416
256,511,36,11851
512,1023,9,5340
1024,2047,5,6155

histogram,directory size
count,3796,items
average,0.022901,KB
min,0,KB
max,1,KB
bucket min,bucket max,count,val count
0,2,3796,86.932617

histogram,filename length
count,81432,items
average,16.185971,chars
min,3,chars
max,74,chars
bucket min,bucket max,count,val count
0,7,7444,39421
8,15,23397,277153
16,23,42840,777081
24,31,6043,159409
32,39,1078,36826
40,47,445,18827
48,55,174,8609
56,63,4,245
64,71,5,339
72,79,2,146

histogram,mtime (files)
count,76610,items
average,505.971691,days
min,12,days
max,3001,days
bucket min,bucket max,count,val count
8,16,949,13295.491551
16,32,71,1512.273067
32,64,627,36906.580208
64,128,37180,2842322.142269
128,256,3470,620572.649988
256,512,6683,2455905.316192
512,1024,13394,9585032.160544
1024,2048,11556,16300539.116204
2048,4096,2680,6906405.552326

histogram,mtime (KB)
count,731014570,items
average,70.100892,days
min,12,days
max,3001,days
bucket min,bucket max,count,val count
8,16,2503959,35056602.958326
16,32,938,19728.227349
32,64,120022042,4891558080.316770
64,128,606798881,44493193572.469154
128,256,29742,5315445.284735
256,512,142291,50535307.160573
512,1024,855726,693538850.011034
1024,2048,631570,1000430797.984095
2048,4096,29417,75124882.741721

histogram,ctime (files)
count,76610,items
average,70.101213,days
min,12,days
max,98,days
bucket min,bucket max,count,val count
8,16,6089,85293.664699
32,64,12603,793747.267824
64,128,57918,4491412.969398

histogram,ctime (KB)
count,731014570,items
average,62.505679,days
min,12,days
max,98,days
bucket min,bucket max,count,val count
8,16,2726352,38171968.360461
32,64,403702478,22770526372.689011
64,128,324585739,22883863932.383217

histogram,atime (files)
count,76610,items
average,69.374996,days
min,4,days
max,98,days
bucket min,bucket max,count,val count
4,8,1,4.848414
8,16,6089,84392.660868
16,32,9,287.258877
32,64,13161,826541.549803
64,128,57350,4403592.112523

histogram,atime (KB)
count,731014570,items
average,59.473487,days
min,4,days
max,98,days
bucket min,bucket max,count,val count
4,8,73525786,356483476.622822
8,16,2726352,37980449.905560
16,32,13397177,427761341.369187
32,64,320074974,20081886961.153393
64,128,321290279,22571873391.475063

-------------------------------------------------------
stats for user 4483
histogram,file size
count,81458,items
average,1155.261054,KB
min,0,KB
max,238380,KB
bucket min,bucket max,count,val count
0,2,31015,17081.670898
2,4,9076,26306.214844
4,8,9559,54821.073242
8,16,6011,69613.479492
16,32,3753,85060.370117
32,64,3037,130283.536133
64,128,1583,159827.004883
128,256,2461,446638.898438
256,512,3371,1290021.127930
512,1024,3883,2821878.113281
1024,2048,2021,2819895.159180
2048,4096,1151,3613218.079102
4096,8192,1712,10360451.298828
8192,16384,1473,16278877.148438
16384,32768,587,11583715.667969
32768,65536,655,34992168.485352
65536,131072,99,7180082.236328
131072,262144,11,2175315.374023

histogram,capacity used
count,81458,items
average,589.294145,KB
min,0,KB
max,86243,KB
bucket min,bucket max,count,val count
0,2,21324,30278.000000
2,4,17170,51510.000000
4,8,14022,66883.500000
8,16,6286,64752.500000
16,32,3435,72356.000000
32,64,2969,134716.000000
64,128,1442,137189.000000
128,256,3741,724608.000000
256,512,3982,1415217.000000
512,1024,1570,1060489.500000
1024,2048,899,1441228.000000
2048,4096,1536,4536271.000000
4096,8192,1667,9244383.000000
8192,16384,668,6880848.500000
16384,32768,596,16347956.000000
32768,65536,142,5130052.500000
65536,131072,9,663984.000000

histogram,directory size (entries)
count,5255,items
average,16.508088,ents
min,0,ents
max,1960,ents
bucket min,bucket max,count,val count
0,1,152,148
2,3,1488,4058
4,7,388,2270
8,15,2530,26587
16,31,298,6481
32,63,183,7972
64,127,110,9730
128,255,61,9792
256,511,37,11717
512,1023,5,2975
1024,2047,3,5020

histogram,directory size
count,5255,items
average,0.018074,KB
min,0,KB
max,1,KB
bucket min,bucket max,count,val count
0,2,5255,94.980469

histogram,filename length
count,86754,items
average,17.497049,chars
min,2,chars
max,46,chars
bucket min,bucket max,count,val count
0,7,7446,38045
8,15,26014,315316
16,23,39242,764604
24,31,12157,332441
32,39,1686,58561
40,47,209,8972

histogram,mtime (files)
count,81458,items
average,369.107552,days
min,0,days
max,3001,days
bucket min,bucket max,count,val count
0,2,4030,4731.528426
2,4,4670,12027.863935
4,8,33,187.765058
8,16,160,1847.231944
16,32,5343,127092.196134
32,64,809,39211.584826
64,128,38518,4722608.487639
128,256,4405,851819.786447
256,512,4668,1674750.020891
512,1024,9037,6422525.817407
1024,2048,7711,10903894.816470
2048,4096,2074,5306065.851655

histogram,mtime (KB)
count,94105254,items
average,58.027431,days
min,0,days
max,3001,days
bucket min,bucket max,count,val count
0,2,2435634,2854622.047378
2,4,28914138,73845071.762759
4,8,447,2542.353799
8,16,13238,133208.456980
16,32,35576400,827971460.370720
32,64,898184,44425919.325253
64,128,22606698,2777030920.500957
128,256,2248955,443872122.718311
256,512,414788,115742730.418194
512,1024,563072,449594845.179099
1024,2048,385539,612141438.383108
2048,4096,48156,113071299.782613

histogram,ctime (files)
count,81458,items
average,72.778507,days
min,0,days
max,130,days
bucket min,bucket max,count,val count
0,2,21311,25116.878715
2,4,4593,11763.915509
4,8,8,48.023900
8,16,53,552.088148
16,32,10222,279088.206007
32,64,252,12316.290012
64,128,37520,4623912.239641
128,256,7499,975593.985498

histogram,ctime (KB)
count,94105254,items
average,43.515155,days
min,0,days
max,130,days
bucket min,bucket max,count,val count
0,2,3117092,3659389.411302
2,4,28913230,73842132.651425
4,8,106,640.436833
8,16,11027,106914.321667
16,32,35795588,834758267.775776
32,64,892153,44140399.743974
64,128,22601139,2777467383.770518
128,256,2774916,361029655.335700

histogram,atime (files)
count,81458,items
average,62.346559,days
min,0,days
max,900,days
bucket min,bucket max,count,val count
0,2,30124,34167.021042
2,4,975,2562.548137
4,8,14,88.982951
8,16,20,240.510949
16,32,10644,180226.014468
32,64,62,2986.872731
64,128,39303,4792448.800313
128,256,311,62148.509664
512,1024,5,3756.752535

histogram,atime (KB)
count,94105254,items
average,37.735130,days
min,0,days
max,900,days
bucket min,bucket max,count,val count
0,2,32057283,58247340.056483
2,4,399670,977560.697637
4,8,172,1108.271326
8,16,6127,60367.484087
16,32,37738239,637991157.172249
32,64,1302,67843.052408
64,128,23902459,2853728632.801973

-------------------------------------------------------
stats for user 4520
histogram,file size
count,41414,items
average,73540.507916,KB
min,0,KB
max,880010254,KB
bucket min,bucket max,count,val count
0,2,19286,10086.913086
2,4,1371,3666.515625
4,8,956,5574.171875
8,16,723,8375.176758
16,32,801,18289.803711
32,64,939,42174.932617
64,128,468,42385.316406
128,256,696,136552.658203
256,512,2168,838434.621094
512,1024,2744,2003539.136719
1024,2048,1719,2406320.179688
2048,4096,1257,3820080.268555
4096,8192,1755,10404855.635742
8192,16384,1551,17318182.220703
16384,32768,941,20588756.566406
32768,65536,1295,59570985.798828
65536,131072,637,56375176.410156
131072,262144,659,121256364.492188
262144,524288,618,229546693.907227
524288,1048576,419,300019975.970703
1048576,2097152,163,235950455.477539
2097152,4194304,157,412846887.643555
4194304,8388608,73,429958850.346680
8388608,16777216,14,173013407.544922
16777216,33554432,1,20579170.974609
33554432,67108864,2,68831097.500000
536870912,1073741824,1,880010254.656250

histogram,capacity used
count,41414,items
average,34145.418711,KB
min,0,KB
max,169653599,KB
bucket min,bucket max,count,val count
0,2,11725,16775.500000
2,4,9169,27507.000000
4,8,1197,5708.000000
8,16,1086,11519.000000
16,32,841,18811.500000
32,64,538,22624.000000
64,128,695,68592.500000
128,256,2444,470966.500000
256,512,2867,1020553.000000
512,1024,1448,1025595.000000
1024,2048,1128,1760330.500000
2048,4096,1761,5160868.000000
4096,8192,1724,9704464.000000
8192,16384,889,9507422.000000
16384,32768,1170,30312224.500000
32768,65536,791,34754944.500000
65536,131072,550,53158535.500000
131072,262144,598,117296887.000000
262144,524288,319,119247633.000000
524288,1048576,208,140727757.500000
1048576,2097152,182,274568721.500000
2097152,4194304,40,133818966.500000
4194304,8388608,30,135324784.500000
8388608,16777216,11,108561595.000000
33554432,67108864,2,67850985.000000
134217728,268435456,1,169653599.500000

histogram,directory size (entries)
count,1902,items
average,22.914826,ents
min,0,ents
max,1958,ents
bucket min,bucket max,count,val count
0,1,273,150
2,3,77,179
4,7,521,2454
8,15,584,5729
16,31,147,3406
32,63,130,5124
64,127,142,12297
128,255,7,1061
256,511,12,3508
512,1023,6,4281
1024,2047,3,5395

histogram,directory size
count,1902,items
average,0.024331,KB
min,0,KB
max,1,KB
bucket min,bucket max,count,val count
0,2,1902,46.277344

histogram,filename length
count,43483,items
average,19.877400,chars
min,1,chars
max,129,chars
bucket min,bucket max,count,val count
0,7,3666,14527
8,15,13053,161226
16,23,15560,294022
24,31,5610,148756
32,39,2484,88041
40,47,1551,68145
48,55,832,42248
56,63,399,23588
64,71,160,10531
72,79,126,9582
80,87,39,3331
96,103,2,203
127,-1,1,129.000000

histogram,mtime (files)
count,41414,items
average,65.028628,days
min,0,days
max,204,days
bucket min,bucket max,count,val count
0,2,39,1.601806
2,4,26,81.841493
4,8,1567,10291.927245
8,16,1722,15452.642164
16,32,11389,306619.857303
32,64,10566,625378.497188
64,128,13671,1271369.010289
128,256,2434,463900.221389

histogram,mtime (KB)
count,3045606594,items
average,84.019050,days
min,0,days
max,204,days
bucket min,bucket max,count,val count
0,2,14876561,831127.077462
2,4,1146941,4011142.289922
4,8,158337861,955028864.683803
8,16,51545344,532720870.352227
16,32,127224745,3120871110.384793
32,64,364947402,20795678142.195480
64,128,2196451670,209677022689.884888
128,256,131076067,20802808904.706043

histogram,ctime (files)
count,41414,items
average,51.966512,days
min,0,days
max,133,days
bucket min,bucket max,count,val count
0,2,39,1.601806
2,4,26,81.841493
4,8,3546,19972.994687
8,16,1701,15269.059201
16,32,11940,312062.192743
32,64,11593,686888.248403
64,128,12425,1098896.722153
128,256,144,18968.480926

histogram,ctime (KB)
count,3045606594,items
average,74.637559,days
min,0,days
max,133,days
bucket min,bucket max,count,val count
0,2,14876561,831127.077462
2,4,1146941,4011142.289922
4,8,206567418,1197329890.123893
8,16,47379503,498964612.490997
16,32,146237219,3385162194.921443
32,64,543090911,31469318265.398811
64,128,2049102927,185883671221.559326
128,256,37205111,4877352717.048106

histogram,atime (files)
count,41414,items
average,48.090400,days
min,0,days
max,204,days
bucket min,bucket max,count,val count
0,2,70,20.951319
2,4,2167,8501.280324
4,8,2396,16425.940197
8,16,3391,41098.262512
16,32,9554,210141.439329
32,64,11645,682413.334850
64,128,12163,1027966.838067
128,256,28,5047.778368

histogram,atime (KB)
count,3045606594,items
average,69.253650,days
min,0,days
max,204,days
bucket min,bucket max,count,val count
0,2,16487756,1314133.339771
2,4,88378231,346660152.913105
4,8,147506302,862225193.331104
8,16,71814416,873355688.119968
16,32,119668242,2457539714.627376
32,64,524731556,29866873947.258823
64,128,2077020090,176511402918.631897

-------------------------------------------------------
stats for user 4589
histogram,file size
count,13845,items
average,172811.148021,KB
min,0,KB
max,100308636,KB
bucket min,bucket max,count,val count
0,2,7008,3190.897461
2,4,66,189.549805
4,8,394,2329.460938
8,16,115,1562.378906
16,32,561,11713.044922
32,64,19,889.218750
64,128,28,2691.282227
128,256,39,7797.860352
256,512,418,137094.057617
512,1024,935,647843.793945
1024,2048,327,521633.659180
2048,4096,213,644034.144531
4096,8192,87,484341.265625
8192,16384,293,4328869.125000
16384,32768,944,27950482.789062
32768,65536,91,4518914.911133
65536,131072,1296,105879635.821289
131072,262144,128,22097526.892578
262144,524288,748,250083097.604492
524288,1048576,59,43650918.564453
1048576,2097152,24,37527460.066406
2097152,4194304,17,48394376.847656
4194304,8388608,9,59158643.483398
16777216,33554432,3,96831762.850586
67108864,134217728,23,1689683344.787109

histogram,capacity used
count,13845,items
average,36229.130444,KB
min,0,KB
max,54700955,KB
bucket min,bucket max,count,val count
0,2,6277,9304.500000
2,4,920,2760.000000
4,8,622,2672.500000
8,16,208,2716.000000
16,32,148,2720.500000
32,64,19,870.000000
64,128,29,2686.000000
128,256,338,67196.000000
256,512,884,367389.000000
512,1024,216,132353.500000
1024,2048,414,685216.500000
2048,4096,75,179545.500000
4096,8192,117,664977.500000
8192,16384,707,8537917.500000
16384,32768,1794,48252508.000000
32768,65536,120,5928118.000000
65536,131072,398,45032801.500000
131072,262144,433,83223800.000000
262144,524288,39,14705690.000000
524288,1048576,48,33002027.500000
1048576,2097152,27,39949107.500000
2097152,4194304,2,5114898.500000
4194304,8388608,4,18827988.000000
16777216,33554432,3,54283871.500000
33554432,67108864,3,142613175.500000

histogram,directory size (entries)
count,177,items
average,79.672316,ents
min,0,ents
max,5137,ents
bucket min,bucket max,count,val count
0,1,32,22
2,3,22,50
4,7,22,121
8,15,32,358
16,31,26,545
32,63,18,841
64,127,13,1201
128,255,2,380
256,511,4,1552
512,1023,4,2663
1024,2047,1,1232
4096,8191,1,5137

histogram,directory size
count,177,items
average,0.079758,KB
min,0,KB
max,5,KB
bucket min,bucket max,count,val count
0,2,176,9.098633
4,8,1,5.018555

histogram,filename length
count,14099,items
average,16.510958,chars
min,1,chars
max,52,chars
bucket min,bucket max,count,val count
0,7,593,3817
8,15,6948,64538
16,23,3588,66647
24,31,1767,46004
32,39,526,17636
40,47,47,1931
48,55,630,32215

histogram,mtime (files)
count,13845,items
average,74.105027,days
min,0,days
max,124,days
bucket min,bucket max,count,val count
0,2,221,129.398009
2,4,228,653.611424
4,8,38,212.154016
8,16,1392,17306.733866
16,32,1799,53595.458762
32,64,803,34589.862882
64,128,9364,919496.876424

histogram,mtime (KB)
count,2392570344,items
average,41.846494,days
min,0,days
max,124,days
bucket min,bucket max,count,val count
0,2,24665374,21233355.651695
2,4,24705781,77310127.521569
4,8,2753961,14354660.698122
8,16,1127221835,13926995661.588007
16,32,466819757,9922135691.616423
32,64,9013867,505832511.928348
64,128,737389766,75652817980.100906

histogram,ctime (files)
count,13845,items
average,74.022149,days
min,0,days
max,124,days
bucket min,bucket max,count,val count
0,2,221,127.147049
2,4,233,667.196574
4,8,34,194.580486
8,16,1393,17324.175069
16,32,1800,53648.283160
32,64,808,34144.542917
64,128,9356,918730.723681

histogram,ctime (KB)
count,2392570344,items
average,41.597723,days
min,0,days
max,124,days
bucket min,bucket max,count,val count
0,2,24665374,20874251.748085
2,4,24705783,77305329.576505
4,8,2753960,14354656.029251
8,16,1127221841,13926995750.933903
16,32,466819763,9876998199.221584
32,64,9030220,506280673.025108
64,128,737373400,75102670624.556335

histogram,atime (files)
count,13845,items
average,72.886865,days
min,0,days
max,122,days
bucket min,bucket max,count,val count
0,2,382,422.182986
2,4,99,284.510625
4,8,28,154.647072
8,16,1458,17457.804387
16,32,1752,51394.574201
32,64,798,33773.696701
64,128,9328,905631.224688

histogram,atime (KB)
count,2392570344,items
average,37.516298,days
min,0,days
max,122,days
bucket min,bucket max,count,val count
0,2,112599741,120713304.019040
2,4,15092932,45528674.946868
4,8,867069,4332114.057288
8,16,1127905985,13580716496.532358
16,32,464483714,9684208701.207012
32,64,9029336,499634209.717572
64,128,662591563,65825248320.183891

